year,tmID,rank,playoff,homeW,homeL,awayW,awayL,confW,confL,min,attend,num_playoff_appearances,total_first_round_won,total_first_round_lost,total_semis_won,total_semis_lost,total_finals_won,total_finals_lost,mean_won,mean_lost,confID_EA,confID_WE,GP,GS,minutes,oRebounds,dRebounds,dq,PostGP,PostGS,PostMinutes,PostoRebounds,PostdRebounds,performance,Postperformance,points_precision,Postpoints_precision,PostDQ,height,weight,award_count_x,won,lost,post_wins,post_losses,award_count_y
1,CHA,0.0,0.0,0.0,0.0,0.0,0.0,0.0,0.0,0.0,0.0,0.0,0.0,0.0,0.0,0.0,0.0,0.0,0.0,0.0,1.0,0.0,0.0,0.0,0.0,0.0,0.0,0.0,0.0,0.0,0.0,0.0,0.0,0.0,0.0,0.0,0.0,0.0,0.0,0.0,0.0,0.0,0.0,0.0,0.0,0.0
1,CLE,0.0,1.0,0.0,0.0,0.0,0.0,0.0,0.0,0.0,0.0,0.0,0.0,0.0,0.0,0.0,0.0,0.0,0.0,0.0,1.0,0.0,0.0,0.0,0.0,0.0,0.0,0.0,0.0,0.0,0.0,0.0,0.0,0.0,0.0,0.0,0.0,0.0,0.0,0.0,0.0,0.0,0.0,0.0,0.0,0.0
1,DET,0.0,0.0,0.0,0.0,0.0,0.0,0.0,0.0,0.0,0.0,0.0,0.0,0.0,0.0,0.0,0.0,0.0,0.0,0.0,1.0,0.0,0.0,0.0,0.0,0.0,0.0,0.0,0.0,0.0,0.0,0.0,0.0,0.0,0.0,0.0,0.0,0.0,0.0,0.0,0.0,0.0,0.0,0.0,0.0,0.0
1,HOU,0.0,1.0,0.0,0.0,0.0,0.0,0.0,0.0,0.0,0.0,0.0,0.0,0.0,0.0,0.0,0.0,0.0,0.0,0.0,0.0,1.0,0.0,0.0,0.0,0.0,0.0,0.0,0.0,0.0,0.0,0.0,0.0,0.0,0.0,0.0,0.0,0.0,0.0,0.0,0.0,0.0,0.0,0.0,0.0,0.0
1,IND,0.0,0.0,0.0,0.0,0.0,0.0,0.0,0.0,0.0,0.0,0.0,0.0,0.0,0.0,0.0,0.0,0.0,0.0,0.0,1.0,0.0,0.0,0.0,0.0,0.0,0.0,0.0,0.0,0.0,0.0,0.0,0.0,0.0,0.0,0.0,0.0,0.0,0.0,0.0,0.0,0.0,0.0,0.0,0.0,0.0
1,LAS,0.0,1.0,0.0,0.0,0.0,0.0,0.0,0.0,0.0,0.0,0.0,0.0,0.0,0.0,0.0,0.0,0.0,0.0,0.0,0.0,1.0,0.0,0.0,0.0,0.0,0.0,0.0,0.0,0.0,0.0,0.0,0.0,0.0,0.0,0.0,0.0,0.0,0.0,0.0,0.0,0.0,0.0,0.0,0.0,0.0
1,MIA,0.0,0.0,0.0,0.0,0.0,0.0,0.0,0.0,0.0,0.0,0.0,0.0,0.0,0.0,0.0,0.0,0.0,0.0,0.0,1.0,0.0,0.0,0.0,0.0,0.0,0.0,0.0,0.0,0.0,0.0,0.0,0.0,0.0,0.0,0.0,0.0,0.0,0.0,0.0,0.0,0.0,0.0,0.0,0.0,0.0
1,MIN,0.0,0.0,0.0,0.0,0.0,0.0,0.0,0.0,0.0,0.0,0.0,0.0,0.0,0.0,0.0,0.0,0.0,0.0,0.0,0.0,1.0,0.0,0.0,0.0,0.0,0.0,0.0,0.0,0.0,0.0,0.0,0.0,0.0,0.0,0.0,0.0,0.0,0.0,0.0,0.0,0.0,0.0,0.0,0.0,0.0
1,NYL,0.0,1.0,0.0,0.0,0.0,0.0,0.0,0.0,0.0,0.0,0.0,0.0,0.0,0.0,0.0,0.0,0.0,0.0,0.0,1.0,0.0,0.0,0.0,0.0,0.0,0.0,0.0,0.0,0.0,0.0,0.0,0.0,0.0,0.0,0.0,0.0,0.0,0.0,0.0,0.0,0.0,0.0,0.0,0.0,0.0
1,ORL,0.0,1.0,0.0,0.0,0.0,0.0,0.0,0.0,0.0,0.0,0.0,0.0,0.0,0.0,0.0,0.0,0.0,0.0,0.0,1.0,0.0,0.0,0.0,0.0,0.0,0.0,0.0,0.0,0.0,0.0,0.0,0.0,0.0,0.0,0.0,0.0,0.0,0.0,0.0,0.0,0.0,0.0,0.0,0.0,0.0
1,PHO,0.0,1.0,0.0,0.0,0.0,0.0,0.0,0.0,0.0,0.0,0.0,0.0,0.0,0.0,0.0,0.0,0.0,0.0,0.0,0.0,1.0,0.0,0.0,0.0,0.0,0.0,0.0,0.0,0.0,0.0,0.0,0.0,0.0,0.0,0.0,0.0,0.0,0.0,0.0,0.0,0.0,0.0,0.0,0.0,0.0
1,POR,0.0,0.0,0.0,0.0,0.0,0.0,0.0,0.0,0.0,0.0,0.0,0.0,0.0,0.0,0.0,0.0,0.0,0.0,0.0,0.0,1.0,0.0,0.0,0.0,0.0,0.0,0.0,0.0,0.0,0.0,0.0,0.0,0.0,0.0,0.0,0.0,0.0,0.0,0.0,0.0,0.0,0.0,0.0,0.0,0.0
1,SAC,0.0,1.0,0.0,0.0,0.0,0.0,0.0,0.0,0.0,0.0,0.0,0.0,0.0,0.0,0.0,0.0,0.0,0.0,0.0,0.0,1.0,0.0,0.0,0.0,0.0,0.0,0.0,0.0,0.0,0.0,0.0,0.0,0.0,0.0,0.0,0.0,0.0,0.0,0.0,0.0,0.0,0.0,0.0,0.0,0.0
1,SEA,0.0,0.0,0.0,0.0,0.0,0.0,0.0,0.0,0.0,0.0,0.0,0.0,0.0,0.0,0.0,0.0,0.0,0.0,0.0,0.0,1.0,0.0,0.0,0.0,0.0,0.0,0.0,0.0,0.0,0.0,0.0,0.0,0.0,0.0,0.0,0.0,0.0,0.0,0.0,0.0,0.0,0.0,0.0,0.0,0.0
1,UTA,0.0,0.0,0.0,0.0,0.0,0.0,0.0,0.0,0.0,0.0,0.0,0.0,0.0,0.0,0.0,0.0,0.0,0.0,0.0,0.0,1.0,0.0,0.0,0.0,0.0,0.0,0.0,0.0,0.0,0.0,0.0,0.0,0.0,0.0,0.0,0.0,0.0,0.0,0.0,0.0,0.0,0.0,0.0,0.0,0.0
1,WAS,0.0,1.0,0.0,0.0,0.0,0.0,0.0,0.0,0.0,0.0,0.0,0.0,0.0,0.0,0.0,0.0,0.0,0.0,0.0,1.0,0.0,0.0,0.0,0.0,0.0,0.0,0.0,0.0,0.0,0.0,0.0,0.0,0.0,0.0,0.0,0.0,0.0,0.0,0.0,0.0,0.0,0.0,0.0,0.0,0.0
2,CHA,8.0,1.0,5.0,11.0,3.0,13.0,5.0,16.0,6475.0,90963.0,0.0,0.0,0.0,0.0,0.0,0.0,0.0,8.0,24.0,1.0,0.0,28.88888888888889,13.555555555555555,636.5555555555555,24.333333333333332,54.111111111111114,0.6666666666666666,1.3333333333333333,0.4444444444444444,20.22222222222222,1.3333333333333333,2.111111111111111,318.3777777777778,8.511111111111113,271.1111111111111,10.0,0.0,71.33333333333333,157.1263616557734,0.0,9.0,23.0,0.0,0.0,0.0
2,CLE,2.0,1.0,13.0,3.0,4.0,12.0,13.0,8.0,6500.0,137532.0,1.0,1.0,0.0,0.0,1.0,0.0,0.0,17.0,15.0,1.0,0.0,24.76923076923077,10.0,483.15384615384613,25.46153846153846,46.38461538461539,0.5384615384615384,4.384615384615385,1.8461538461538463,81.38461538461539,5.3076923076923075,9.461538461538462,237.3230769230769,41.73846153846154,178.07692307692307,32.0,0.0,71.53846153846153,168.53846153846155,0.0,17.0,15.0,3.0,3.0,0.0
2,DET,5.0,0.0,8.0,8.0,6.0,10.0,10.0,11.0,6425.0,107289.0,0.0,0.0,0.0,0.0,0.0,0.0,0.0,14.0,18.0,1.0,0.0,28.571428571428573,21.428571428571427,688.5714285714286,37.714285714285715,68.14285714285714,0.2857142857142857,0.0,0.0,0.0,0.0,0.0,366.8285714285715,0.0,279.0,0.0,0.0,71.85714285714286,166.85714285714286,0.0,0.0,0.0,0.0,0.0,0.0
2,HOU,2.0,1.0,14.0,2.0,13.0,3.0,17.0,4.0,6475.0,196077.0,1.0,1.0,0.0,1.0,0.0,1.0,0.0,27.0,5.0,0.0,1.0,25.714285714285715,13.428571428571429,507.42857142857144,28.857142857142858,61.714285714285715,0.2857142857142857,4.428571428571429,2.5714285714285716,108.28571428571429,6.857142857142857,12.0,253.4857142857143,44.371428571428574,161.71428571428572,28.285714285714285,0.0,72.42857142857143,161.01960784313724,0.2857142857142857,27.0,5.0,6.0,0.0,0.0
2,IND,7.0,0.0,5.0,11.0,4.0,12.0,7.0,14.0,6425.0,180270.0,0.0,0.0,0.0,0.0,0.0,0.0,0.0,9.0,23.0,1.0,0.0,29.4,14.0,621.9,28.2,62.5,0.9,0.6,0.1,6.9,0.5,1.0,307.64,3.7399999999999998,259.0,3.3,0.0,71.8,166.6,0.0,0.0,0.0,0.0,0.0,0.0
2,LAS,1.0,1.0,15.0,1.0,13.0,3.0,17.0,4.0,6450.0,105005.0,1.0,1.0,0.0,0.0,1.0,0.0,0.0,28.0,4.0,0.0,1.0,30.11111111111111,21.0,742.6666666666666,38.111111111111114,97.55555555555556,1.7777777777777777,3.2222222222222223,2.2222222222222223,79.11111111111111,4.444444444444445,9.222222222222221,454.5111111111112,46.955555555555556,298.44444444444446,32.333333333333336,0.1111111111111111,71.66666666666667,165.66666666666666,0.0,28.0,4.0,2.0,2.0,1.0
2,MIA,6.0,1.0,9.0,7.0,4.0,12.0,9.0,12.0,6475.0,127721.0,0.0,0.0,0.0,0.0,0.0,0.0,0.0,13.0,19.0,1.0,0.0,28.625,20.0625,669.3125,36.6875,61.9375,0.375,0.0,0.0,0.0,0.0,0.0,299.3375,0.0,264.8125,0.0,0.0,70.875,154.625,0.0,13.0,19.0,0.0,0.0,0.0
2,MIN,6.0,0.0,8.0,8.0,7.0,9.0,5.0,16.0,6425.0,116638.0,0.0,0.0,0.0,0.0,0.0,0.0,0.0,15.0,17.0,0.0,1.0,29.0,12.857142857142858,545.5714285714286,21.857142857142858,47.42857142857143,0.8571428571428571,0.0,0.0,0.0,0.0,0.0,296.65714285714284,0.0,273.2857142857143,0.0,0.0,72.28571428571429,173.42857142857142,0.14285714285714285,15.0,17.0,0.0,0.0,0.0
2,NYL,1.0,1.0,12.0,4.0,8.0,8.0,14.0,7.0,6425.0,231962.0,1.0,1.0,0.0,1.0,0.0,0.0,1.0,20.0,12.0,1.0,0.0,30.0,19.77777777777778,808.4444444444445,34.666666666666664,78.0,0.7777777777777778,5.444444444444445,3.888888888888889,155.0,6.666666666666667,14.555555555555555,392.5111111111111,75.66666666666667,291.44444444444446,55.22222222222222,0.2222222222222222,70.0,164.11111111111111,0.1111111111111111,20.0,12.0,4.0,3.0,0.0
2,ORL,3.0,0.0,11.0,5.0,5.0,11.0,13.0,8.0,6500.0,117810.0,1.0,0.0,1.0,0.0,0.0,0.0,0.0,16.0,16.0,1.0,0.0,28.875,16.125,645.625,35.0,66.625,0.5,2.125,1.5,57.75,2.25,6.125,336.65000000000003,24.9,244.875,21.625,0.0,72.125,174.375,0.0,16.0,16.0,1.0,2.0,0.0
2,PHO,4.0,0.0,11.0,5.0,9.0,7.0,11.0,10.0,6425.0,161075.0,1.0,0.0,1.0,0.0,0.0,0.0,0.0,20.0,12.0,0.0,1.0,23.818181818181817,12.363636363636363,510.27272727272725,20.636363636363637,48.18181818181818,0.45454545454545453,1.2727272727272727,0.7272727272727273,31.09090909090909,0.9090909090909091,2.4545454545454546,262.5090909090909,16.0,204.45454545454547,13.090909090909092,0.0,71.45454545454545,159.54545454545453,0.0,0.0,0.0,0.0,0.0,2.0
2,POR,7.0,0.0,6.0,10.0,4.0,12.0,4.0,17.0,6525.0,133076.0,0.0,0.0,0.0,0.0,0.0,0.0,0.0,10.0,22.0,0.0,1.0,28.77777777777778,19.77777777777778,692.2222222222222,33.22222222222222,70.33333333333333,1.0,0.0,0.0,0.0,0.0,0.0,337.35555555555555,0.0,270.77777777777777,0.0,0.0,71.88888888888889,165.66666666666666,0.0,10.0,22.0,0.0,0.0,0.0
2,SAC,3.0,1.0,13.0,3.0,8.0,8.0,13.0,8.0,6400.0,126841.0,1.0,0.0,1.0,0.0,0.0,0.0,0.0,21.0,11.0,0.0,1.0,27.545454545454547,18.727272727272727,636.1818181818181,35.27272727272727,62.81818181818182,0.5454545454545454,1.5454545454545454,0.9090909090909091,34.27272727272727,1.5454545454545454,3.727272727272727,376.6363636363636,18.981818181818184,277.09090909090907,14.636363636363637,0.09090909090909091,71.36363636363636,159.9090909090909,0.0,10.5,5.5,0.0,1.0,0.0
2,SEA,8.0,0.0,4.0,12.0,2.0,14.0,4.0,17.0,6475.0,142594.0,0.0,0.0,0.0,0.0,0.0,0.0,0.0,6.0,26.0,0.0,1.0,24.681818181818183,9.045454545454545,467.1818181818182,17.40909090909091,40.95454545454545,0.45454545454545453,0.18181818181818182,0.0,0.9090909090909091,0.09090909090909091,0.0,187.02727272727273,0.0,182.4090909090909,0.5454545454545454,0.0,73.18181818181819,165.63636363636363,0.0,6.0,26.0,0.0,0.0,0.0
2,UTA,5.0,1.0,12.0,4.0,6.0,10.0,13.0,8.0,6400.0,103442.0,0.0,0.0,0.0,0.0,0.0,0.0,0.0,18.0,14.0,0.0,1.0,27.88888888888889,18.88888888888889,680.2222222222222,38.111111111111114,83.44444444444444,1.1111111111111112,0.0,0.0,0.0,0.0,0.0,383.68888888888887,0.0,257.3333333333333,0.0,0.0,71.96459694989107,172.0,0.0,9.0,7.0,0.0,0.0,0.0
2,WAS,4.0,0.0,7.0,9.0,7.0,9.0,13.0,8.0,6400.0,244134.0,1.0,0.0,1.0,0.0,0.0,0.0,0.0,14.0,18.0,1.0,0.0,29.5,18.25,673.125,36.5,71.125,0.5,1.625,1.0,44.625,1.5,3.375,364.325,19.3,261.5,15.125,0.0,73.375,175.0,0.0,0.0,0.0,0.0,0.0,0.0
3,CHA,6.0,1.0,8.0,8.0,5.0,11.0,10.0,11.0,6487.5,98244.0,1.0,1.0,0.0,1.0,0.0,0.0,1.0,13.0,19.0,1.0,0.0,26.902777777777775,13.472222222222221,554.9583333333334,27.097222222222225,49.94444444444445,0.625,3.3194444444444446,2.138888888888889,71.625,3.0694444444444446,6.625,265.9555555555556,32.02777777777778,219.66666666666666,27.722222222222225,0.0,71.66666666666667,161.51143790849673,0.0,13.5,18.5,2.0,2.0,0.0
3,CLE,1.5,0.0,13.5,2.5,6.0,10.0,14.0,7.0,6462.5,142452.5,2.0,1.0,1.0,0.0,1.0,0.0,0.0,19.5,12.5,1.0,0.0,27.055555555555557,12.555555555555555,576.2777777777778,30.88888888888889,60.27777777777778,0.4444444444444444,3.5,1.9444444444444444,80.33333333333333,4.888888888888889,8.11111111111111,297.94444444444446,39.22222222222222,211.16666666666666,30.055555555555557,0.0,71.55555555555556,167.44444444444446,0.0,19.5,12.5,2.0,2.5,1.0
3,DET,6.0,0.0,7.0,9.0,5.0,11.0,8.5,12.5,6487.5,108318.5,0.0,0.0,0.0,0.0,0.0,0.0,0.0,12.0,20.0,1.0,0.0,25.45,11.4,526.85,28.5,53.85,0.3,0.1,0.0,0.15,0.0,0.0,264.51,0.11000000000000001,220.4,0.0,0.0,71.7,167.9,0.0,5.0,11.0,0.0,0.0,0.0
3,HOU,3.0,1.0,12.5,3.5,10.5,5.5,15.0,6.0,6462.5,188596.0,2.0,1.0,1.0,1.0,0.0,1.0,0.0,23.0,9.0,0.0,1.0,28.5,17.46153846153846,656.4615384615385,28.03846153846154,69.88461538461539,0.3076923076923077,2.423076923076923,1.5384615384615385,63.11538461538461,3.1538461538461537,7.346153846153846,344.1615384615385,32.56923076923077,257.88461538461536,23.576923076923077,0.0,70.92307692307692,154.54901960784312,0.46153846153846156,23.0,9.0,3.0,1.0,0.0
3,IND,6.5,1.0,6.0,10.0,3.5,12.5,7.0,14.0,6450.0,159596.0,0.0,0.0,0.0,0.0,0.0,0.0,0.0,9.5,22.5,1.0,0.0,29.55,18.35,671.45,25.2,57.75,0.8,0.6,0.2,13.85,0.45,1.1,316.79,4.8100000000000005,268.2,5.3,0.0,70.5,160.0,0.0,10.0,22.0,0.0,0.0,0.0
3,LAS,1.0,1.0,15.5,0.5,12.5,3.5,18.0,3.0,6462.5,126725.5,2.0,2.0,0.0,1.0,1.0,1.0,0.0,28.0,4.0,0.0,1.0,26.924242424242426,16.984848484848484,635.3939393939394,35.13636363636363,77.77272727272727,1.0454545454545454,3.409090909090909,2.0303030303030303,80.54545454545455,4.696969696969696,10.893939393939393,378.4939393939394,52.56969696969697,280.9848484848485,34.0,0.045454545454545456,72.45454545454545,168.36363636363637,0.5454545454545454,28.0,4.0,4.0,1.5,1.0
3,MIA,4.5,0.0,9.5,6.5,7.0,9.0,11.5,9.5,6525.0,134719.0,1.0,0.0,1.0,0.0,0.0,0.0,0.0,16.5,15.5,1.0,0.0,27.045454545454547,17.257575757575758,601.3636363636364,31.045454545454547,57.86363636363637,0.5454545454545454,1.3181818181818181,0.8181818181818182,31.60606060606061,1.4090909090909092,2.772727272727273,296.4757575757576,13.112121212121213,249.80303030303028,12.65151515151515,0.045454545454545456,71.72727272727273,161.8181818181818,0.18181818181818182,16.5,15.5,0.5,1.0,0.0
3,MIN,6.0,0.0,7.0,9.0,6.5,9.5,7.0,14.0,6450.0,118622.5,0.0,0.0,0.0,0.0,0.0,0.0,0.0,13.5,18.5,0.0,1.0,23.0,11.25,476.55,23.2,50.65,0.65,0.0,0.0,0.0,0.0,0.0,256.69,0.0,237.45,0.0,0.0,72.3,175.8,0.1,6.75,9.25,0.0,0.0,0.0
3,NYL,1.5,1.0,12.5,3.5,8.0,8.0,13.5,7.5,6412.5,241263.5,2.0,2.0,0.0,1.0,1.0,0.0,1.0,20.5,11.5,1.0,0.0,28.055555555555557,19.555555555555557,741.3333333333334,31.27777777777778,74.0,0.7222222222222222,5.5,3.611111111111111,143.72222222222223,6.5,13.61111111111111,383.62222222222226,68.4,281.72222222222223,53.27777777777778,0.16666666666666666,71.33333333333333,167.66666666666666,0.1111111111111111,20.5,11.5,3.5,3.0,0.0
3,ORL,4.0,0.0,10.5,5.5,4.0,12.0,11.0,10.0,6475.0,118342.0,1.0,0.0,1.0,0.0,0.0,0.0,0.0,14.5,17.5,1.0,0.0,28.115384615384617,16.807692307692307,656.8076923076923,34.38461538461539,67.1923076923077,0.6153846153846154,1.3461538461538463,0.6923076923076923,33.19230769230769,1.4230769230769231,2.6153846153846154,334.9769230769231,13.53076923076923,275.5,13.192307692307692,0.0,72.53846153846153,172.6153846153846,0.0,0.0,0.0,0.0,0.0,0.0
3,PHO,4.5,0.0,10.5,5.5,6.0,10.0,9.5,11.5,6437.5,149027.0,1.0,0.0,1.0,0.0,0.0,0.0,0.0,16.5,15.5,0.0,1.0,24.307692307692307,10.26923076923077,452.34615384615387,20.384615384615383,46.11538461538461,0.19230769230769232,0.4230769230769231,0.23076923076923078,9.846153846153847,0.34615384615384615,0.8461538461538461,215.33846153846156,5.015384615384615,178.07692307692307,3.076923076923077,0.0,73.38461538461539,166.3846153846154,0.0,6.5,9.5,0.0,0.0,1.0
3,POR,7.0,0.0,6.0,10.0,4.5,11.5,4.5,16.5,6525.0,135366.0,0.0,0.0,0.0,0.0,0.0,0.0,0.0,10.5,21.5,0.0,1.0,24.791666666666668,14.25,534.0416666666666,23.208333333333332,54.625,0.375,0.4583333333333333,0.4583333333333333,14.375,0.375,0.9166666666666666,256.78333333333336,6.516666666666667,198.875,5.791666666666667,0.0,71.41666666666667,163.01143790849673,0.08333333333333333,10.5,21.5,0.0,0.0,0.0
3,SAC,2.5,0.0,12.5,3.5,8.0,8.0,13.0,8.0,6462.5,130222.0,2.0,1.0,1.0,0.0,1.0,0.0,0.0,20.5,11.5,0.0,1.0,25.958333333333332,16.875,598.3333333333334,32.833333333333336,61.75,0.5,2.625,1.4583333333333333,58.083333333333336,2.75,6.0,331.6,32.525,240.66666666666666,25.958333333333332,0.041666666666666664,72.33333333333333,166.08333333333334,0.0,14.0,6.0,3.0,2.0,0.0
3,SEA,8.0,1.0,4.5,11.5,3.5,12.5,5.0,16.0,6512.5,118925.5,0.0,0.0,0.0,0.0,0.0,0.0,0.0,8.0,24.0,0.0,1.0,26.541666666666668,13.708333333333334,561.625,24.458333333333332,54.083333333333336,0.5,0.375,0.0,4.833333333333333,0.08333333333333333,0.7083333333333334,261.56666666666666,2.4499999999999997,240.79166666666666,2.25,0.0,72.33333333333333,164.5,0.0,8.0,24.0,0.0,0.0,0.0
3,UTA,4.0,1.0,10.5,5.5,8.0,8.0,12.0,9.0,6437.5,106974.5,1.0,0.0,1.0,0.0,0.0,0.0,0.0,18.5,13.5,0.0,1.0,28.88888888888889,19.0,724.3888888888889,36.27777777777778,84.44444444444444,0.7222222222222222,0.9444444444444444,0.6666666666666666,24.88888888888889,1.0555555555555556,2.7222222222222223,401.76666666666665,12.944444444444445,290.1666666666667,9.61111111111111,0.1111111111111111,71.74237472766885,172.22222222222223,0.0,14.0,5.0,0.0,2.0,0.0
3,WAS,6.0,1.0,7.5,8.5,4.5,11.5,8.5,12.5,6450.0,245400.5,1.0,0.0,1.0,0.0,0.0,0.0,0.0,12.0,20.0,1.0,0.0,24.454545454545453,11.681818181818182,503.59090909090907,28.636363636363637,57.22727272727273,0.22727272727272727,0.4090909090909091,0.2727272727272727,10.818181818181818,0.4090909090909091,0.9090909090909091,250.8,4.909090909090909,199.95454545454547,3.5454545454545454,0.0,72.0,168.27272727272728,0.0,0.0,0.0,0.0,0.0,0.0
4,CHA,3.0,1.0,11.0,5.0,7.0,9.0,13.5,7.5,6475.0,106097.5,2.0,1.0,1.0,1.0,0.0,0.0,1.0,18.0,14.0,1.0,0.0,28.35,17.0,646.7,30.3,60.15,0.5,3.6,2.55,86.8,3.6,8.2,322.39,40.39,247.0,35.65,0.0,70.8,158.9,0.0,0.0,0.0,0.0,0.0,0.0
4,CLE,4.0,1.0,9.0,7.0,7.0,9.0,11.0,10.0,6487.5,148228.5,1.0,0.0,1.0,0.0,0.0,0.0,0.0,16.0,16.0,1.0,0.0,23.7,13.316666666666666,516.05,24.9,55.416666666666664,0.45,0.95,0.55,22.6,1.35,1.95,266.36,12.15,219.4,10.65,0.0,71.5,166.1,0.0,16.0,16.0,0.5,1.0,1.0
4,CON,0.0,1.0,0.0,0.0,0.0,0.0,0.0,0.0,0.0,0.0,0.0,0.0,0.0,0.0,0.0,0.0,0.0,0.0,0.0,1.0,0.0,27.4,16.85,655.9666666666666,35.13333333333333,65.0,0.45,0.15,0.15,4.75,0.35,0.45,337.93666666666667,2.0100000000000002,269.73333333333335,1.25,0.0,71.7,169.5,0.1,0.0,0.0,0.0,0.0,0.0
4,DET,7.5,1.0,6.5,9.5,3.0,13.0,6.5,14.5,6500.0,101759.5,0.0,0.0,0.0,0.0,0.0,0.0,0.0,9.5,22.5,1.0,0.0,26.28787878787879,15.34848484848485,612.9242424242425,33.833333333333336,62.65151515151515,0.36363636363636365,0.36363636363636365,0.36363636363636365,12.272727272727273,0.3181818181818182,1.2272727272727273,307.94242424242424,6.054545454545454,255.15151515151513,4.681818181818182,0.0,71.63636363636364,159.63636363636363,0.0,9.0,13.0,0.0,0.0,0.0
4,HOU,3.0,1.0,12.5,3.5,9.0,7.0,14.5,6.5,6437.5,184881.5,2.0,0.0,2.0,0.0,0.0,0.0,0.0,21.5,10.5,0.0,1.0,30.9375,21.8125,799.3125,36.625,85.75,0.0625,2.375,1.875,75.25,3.8125,8.1875,453.775,43.0375,355.375,35.0625,0.0,72.25,153.39215686274508,0.5,21.5,10.5,0.5,2.0,0.0
4,IND,5.0,0.0,8.5,7.5,4.5,11.5,9.5,11.5,6450.0,136933.5,1.0,0.0,1.0,0.0,0.0,0.0,0.0,13.0,19.0,1.0,0.0,27.348484848484848,14.515151515151514,610.469696969697,32.13636363636363,64.92424242424242,0.8484848484848484,1.5151515151515154,0.9696969696969698,37.71212121212122,3.2121212121212124,4.409090909090909,318.3181818181818,21.86060606060606,234.96969696969697,16.393939393939394,0.09090909090909091,71.18181818181819,164.36363636363637,0.09090909090909091,13.0,19.0,0.5,1.0,0.0
4,LAS,1.0,1.0,14.0,2.0,12.5,3.5,18.0,3.0,6475.0,167428.0,2.0,2.0,0.0,2.0,0.0,2.0,0.0,26.5,5.5,0.0,1.0,28.653846153846153,17.53846153846154,662.7692307692307,33.34615384615385,76.65384615384616,1.2307692307692308,4.0,2.3461538461538463,96.88461538461539,4.6923076923076925,12.576923076923077,378.45384615384614,61.599999999999994,291.11538461538464,40.0,0.11538461538461539,72.61538461538461,168.3182503770739,0.7692307692307693,26.5,5.5,6.0,0.5,0.0
4,MIN,7.0,1.0,6.5,9.5,4.5,11.5,7.5,13.5,6475.0,130240.5,0.0,0.0,0.0,0.0,0.0,0.0,0.0,11.0,21.0,0.0,1.0,26.72222222222222,14.277777777777779,601.6111111111111,26.833333333333332,59.166666666666664,0.6111111111111112,0.16666666666666666,0.16666666666666666,6.055555555555555,0.2222222222222222,0.3333333333333333,307.5333333333333,2.088888888888889,283.94444444444446,2.8333333333333335,0.05555555555555555,72.44444444444444,169.55555555555554,0.0,0.0,0.0,0.0,0.0,0.0
4,NYL,1.5,0.0,11.5,4.5,8.0,8.0,12.0,9.0,6425.0,242641.0,2.0,2.0,0.0,1.0,1.0,0.0,1.0,19.5,12.5,1.0,0.0,28.27777777777778,20.88888888888889,744.6666666666666,28.444444444444443,76.0,0.6666666666666666,5.333333333333333,4.222222222222222,152.11111111111111,6.111111111111111,15.055555555555555,394.74444444444447,79.22222222222223,294.05555555555554,57.888888888888886,0.05555555555555555,71.88888888888889,172.11111111111111,0.0,19.5,12.5,3.5,3.5,0.0
4,PHO,6.0,0.0,10.0,6.0,2.0,14.0,7.5,13.5,6425.0,138388.5,0.0,0.0,0.0,0.0,0.0,0.0,0.0,12.0,20.0,0.0,1.0,25.821428571428573,7.142857142857143,437.2857142857143,21.964285714285715,41.464285714285715,0.10714285714285714,0.39285714285714285,0.0,2.5357142857142856,0.25,0.42857142857142855,184.69285714285712,1.2357142857142858,155.85714285714286,1.5,0.0,71.35714285714286,156.71428571428572,0.0,0.0,0.0,0.0,0.0,0.0
4,SAC,4.0,1.0,11.0,5.0,6.0,10.0,10.5,10.5,6550.0,138891.0,1.0,1.0,0.0,0.0,1.0,0.0,0.0,17.0,15.0,0.0,1.0,26.61111111111111,15.38888888888889,633.0,36.888888888888886,71.22222222222223,0.5555555555555556,1.9444444444444444,1.1111111111111112,44.05555555555556,2.5555555555555554,4.444444444444445,350.2555555555556,25.266666666666666,260.05555555555554,20.61111111111111,0.0,72.44444444444444,161.44444444444446,0.0,7.0,6.0,0.75,0.5,0.0
4,SAS,0.0,0.0,0.0,0.0,0.0,0.0,0.0,0.0,0.0,0.0,0.0,0.0,0.0,0.0,0.0,0.0,0.0,0.0,0.0,0.0,1.0,25.814814814814817,18.425925925925927,664.6481481481482,29.685185185185187,73.44444444444444,0.5,2.1296296296296298,1.5555555555555556,61.85185185185185,1.7222222222222223,7.166666666666667,353.49259259259253,31.5962962962963,263.0740740740741,25.74074074074074,0.05555555555555555,71.63126361655775,174.77777777777777,0.0,8.5,4.25,0.5,1.25,0.0
4,SEA,6.0,0.0,7.5,8.5,6.0,10.0,8.0,13.0,6500.0,103515.5,1.0,0.0,1.0,0.0,0.0,0.0,0.0,13.5,18.5,0.0,1.0,23.192307692307693,14.717948717948719,527.7948717948718,24.55128205128205,50.03846153846154,0.25641025641025644,0.9102564102564104,0.5512820512820513,24.14102564102564,0.6410256410256411,1.6153846153846154,281.2897435897436,11.312820512820512,228.75641025641028,11.333333333333334,0.0,72.0,166.53846153846155,0.0,18.0,14.0,2.0,3.0,0.0
4,WAS,5.5,0.0,8.5,7.5,5.0,11.0,8.0,13.0,6475.0,252952.0,1.0,1.0,0.0,0.0,0.0,0.0,0.0,13.5,18.5,1.0,0.0,27.25,14.033333333333335,573.9333333333333,28.566666666666663,56.45,0.4666666666666666,2.7,1.35,54.55,2.3833333333333333,4.5,279.04333333333335,29.416666666666668,239.43333333333334,21.666666666666664,0.0,70.6,154.5,0.1,17.0,15.0,3.0,2.0,1.0
5,CHA,2.0,0.0,12.0,4.5,6.0,10.5,12.0,10.5,6650.0,113365.5,2.0,0.0,2.0,0.0,0.0,0.0,0.0,18.0,15.0,1.0,0.0,30.35,20.85,718.5,34.8,71.2,0.9,1.65,1.15,40.15,2.25,4.3,346.09000000000003,18.119999999999997,258.8,15.9,0.0,71.8,168.6,0.0,18.0,16.0,0.0,2.0,0.0
5,CON,3.0,1.0,10.0,7.0,8.0,9.0,11.0,13.0,6875.0,102433.0,1.0,1.0,0.0,0.0,1.0,0.0,0.0,18.0,16.0,1.0,0.0,28.972222222222218,19.833333333333332,729.25,37.05555555555556,78.83333333333333,0.8333333333333334,1.9722222222222223,1.0,42.80555555555555,1.388888888888889,4.527777777777778,400.0333333333333,22.73888888888889,311.6666666666667,17.38888888888889,0.0,71.5,170.66666666666666,0.0,18.0,16.0,2.0,2.0,0.0
5,DET,4.5,1.0,10.0,6.5,7.0,9.5,12.0,10.5,6675.0,113909.0,1.0,1.0,0.0,1.0,0.0,1.0,0.0,17.0,16.0,1.0,0.0,29.685185185185187,18.61111111111111,706.6481481481482,40.79629629629629,94.27777777777777,0.3333333333333333,3.5,2.5185185185185186,89.81481481481482,6.166666666666667,12.833333333333334,390.6333333333333,52.77407407407407,279.94444444444446,39.7962962962963,0.0,72.33333333333333,166.44444444444446,0.3333333333333333,17.0,11.0,3.0,1.0,1.0
5,HOU,2.0,0.0,14.0,2.5,8.0,8.5,15.0,7.5,6625.0,169425.5,2.0,0.0,2.0,0.0,0.0,0.0,0.0,22.0,11.0,0.0,1.0,25.884615384615383,13.23076923076923,548.4615384615385,25.653846153846153,56.73076923076923,0.15384615384615385,2.1923076923076925,0.6923076923076923,39.92307692307692,2.3461538461538463,4.846153846153846,293.23846153846154,23.700000000000003,239.15384615384616,20.23076923076923,0.0,72.0,155.39517345399696,0.38461538461538464,22.0,11.0,1.0,2.0,0.0
5,IND,4.5,0.0,10.5,6.0,5.5,11.0,12.0,10.5,6650.0,138361.5,1.0,0.0,1.0,0.0,0.0,0.0,0.0,16.0,17.0,1.0,0.0,28.136363636363637,13.045454545454545,597.7272727272727,33.72727272727273,62.22727272727273,0.5,1.1363636363636365,0.5,21.59090909090909,1.9090909090909092,2.909090909090909,334.1454545454545,13.845454545454546,249.3181818181818,8.863636363636363,0.045454545454545456,72.45454545454545,165.27272727272728,0.09090909090909091,0.0,0.0,0.0,0.0,0.0
5,LAS,1.0,1.0,11.5,5.0,13.0,3.5,17.0,5.5,6687.5,172172.0,2.0,2.0,0.0,2.0,0.0,1.0,1.0,24.5,8.5,0.0,1.0,30.5,26.875,884.1875,38.5625,106.25,1.6875,5.75,5.375,196.25,7.625,23.0625,499.72499999999997,120.5,357.9375,77.375,0.25,72.0,171.875,0.75,8.166666666666666,2.8333333333333335,1.8333333333333333,0.6666666666666666,0.0
5,MIN,6.0,1.0,9.0,7.5,5.0,11.5,10.0,12.5,6662.5,130063.5,1.0,0.0,1.0,0.0,0.0,0.0,0.0,14.0,19.0,0.0,1.0,29.361111111111114,24.472222222222225,755.0555555555555,29.166666666666668,70.22222222222223,1.1666666666666667,1.861111111111111,1.611111111111111,48.55555555555555,1.1666666666666667,4.472222222222222,363.8,20.805555555555554,324.5833333333333,21.027777777777775,0.0,72.16666666666667,168.16666666666666,0.0,18.0,16.0,1.0,2.0,0.0
5,NYL,3.5,1.0,10.5,6.0,6.5,10.0,11.0,11.5,6650.0,223531.5,1.0,1.0,0.0,1.0,0.0,0.0,1.0,17.0,16.0,1.0,0.0,26.1,13.85,621.9,27.05,63.15,0.35,1.65,1.2,47.2,1.7,4.2,327.53,25.23,246.05,19.2,0.0,72.1,167.6,0.0,8.5,8.0,1.0,1.0,0.0
5,PHO,7.0,0.0,8.0,8.5,1.5,15.0,6.0,16.5,6662.5,142154.5,0.0,0.0,0.0,0.0,0.0,0.0,0.0,9.5,23.5,0.0,1.0,29.305555555555557,19.25,719.8888888888889,41.138888888888886,75.38888888888889,0.8333333333333334,0.3333333333333333,0.3333333333333333,11.0,0.1111111111111111,0.8333333333333334,356.8555555555556,5.077777777777778,297.1666666666667,5.0,0.0,73.44444444444444,172.33333333333334,0.0,0.0,0.0,0.0,0.0,0.0
5,SAC,4.5,1.0,11.0,5.5,5.5,11.0,10.5,12.0,6700.0,149878.5,1.0,1.0,0.0,0.0,1.0,0.0,0.0,16.5,16.5,0.0,1.0,28.55,14.9,637.6,32.4,67.5,0.6,3.4,1.5,68.7,2.65,8.05,344.95,32.1,276.2,28.65,0.0,72.4,163.8,0.0,12.0,4.0,3.0,3.0,0.0
5,SAS,6.0,0.0,9.0,8.0,3.0,14.0,10.0,14.0,6825.0,176526.0,0.0,0.0,0.0,0.0,0.0,0.0,0.0,12.0,22.0,0.0,1.0,28.055555555555557,18.34722222222222,671.3472222222223,41.69444444444444,82.08333333333333,0.5,1.3472222222222223,1.0416666666666667,39.43055555555556,1.5,5.375,388.99166666666673,21.71388888888889,293.3333333333333,16.555555555555554,0.0,72.30678104575163,172.41666666666666,0.0,11.0,11.0,0.0,0.0,0.0
5,SEA,4.5,1.0,11.5,5.0,6.0,10.5,10.5,12.0,6650.0,116315.5,1.0,0.0,1.0,0.0,0.0,0.0,0.0,17.5,15.5,0.0,1.0,27.916666666666668,16.516666666666666,644.7833333333333,35.65,73.33333333333334,0.65,1.0,0.55,21.65,0.9833333333333334,2.05,383.34000000000003,11.356666666666666,307.8666666666667,10.4,0.0,72.6,168.3,0.2,18.0,15.0,0.0,1.0,0.0
5,WAS,5.0,1.0,6.0,10.5,7.0,9.5,9.5,13.0,6662.5,248973.5,1.0,1.0,0.0,0.0,0.0,0.0,0.0,13.0,20.0,1.0,0.0,28.5,16.8,639.45,35.95,70.4,0.3,1.25,0.9,33.3,1.55,3.55,353.3,20.95,293.85,14.5,0.0,72.0,159.5,0.1,0.0,0.0,0.0,0.0,0.0
6,CHA,3.5,0.0,11.5,5.5,5.5,11.5,10.0,12.0,6875.0,118222.0,1.0,0.0,1.0,0.0,0.0,0.0,0.0,17.0,17.0,1.0,0.0,29.384615384615383,18.615384615384617,675.3076923076923,32.46153846153846,63.73076923076923,0.46153846153846156,1.6923076923076923,1.1538461538461537,39.73076923076923,2.1153846153846154,4.769230769230769,330.5076923076923,20.96923076923077,271.0,19.46153846153846,0.0,71.92307692307692,165.23076923076923,0.0,8.5,8.5,0.0,0.5,0.0
6,CON,2.0,1.0,10.0,7.0,8.0,9.0,12.5,9.5,6887.5,108225.0,2.0,2.0,0.0,1.0,1.0,0.0,1.0,18.0,16.0,1.0,0.0,31.1,18.5,699.8,33.95,81.6,0.45,5.1,2.9,117.1,5.1,11.5,383.65,61.1,287.05,45.5,0.0,71.96813725490196,179.6,0.0,18.0,16.0,3.5,2.5,0.0
6,DET,2.0,1.0,10.5,6.5,10.5,6.5,14.5,7.5,6875.0,147253.5,2.0,1.0,1.0,1.0,0.0,1.0,0.0,21.0,13.0,1.0,0.0,28.988095238095237,19.38095238095238,685.75,33.714285714285715,74.48809523809523,0.6428571428571429,3.2023809523809526,2.107142857142857,76.69047619047619,4.25,9.095238095238095,371.64285714285717,44.050000000000004,276.60714285714283,33.29761904761905,0.0,71.42857142857143,163.42857142857142,0.21428571428571427,21.0,13.0,3.5,2.0,1.0
6,HOU,4.0,1.0,11.5,5.5,5.0,12.0,10.5,12.5,6837.5,143829.0,1.0,0.0,1.0,0.0,0.0,0.0,0.0,16.5,17.5,0.0,1.0,29.545454545454547,21.90909090909091,817.7727272727273,38.63636363636363,90.5,0.4090909090909091,1.0,0.7727272727272727,28.545454545454547,1.6818181818181819,3.1363636363636362,432.77272727272725,16.59090909090909,324.1818181818182,13.272727272727273,0.0,71.63636363636364,157.27272727272728,0.18181818181818182,16.5,17.5,0.5,1.0,0.0
6,IND,5.5,1.0,10.5,6.5,5.0,12.0,10.0,12.0,6862.5,135383.5,0.0,0.0,0.0,0.0,0.0,0.0,0.0,15.5,18.5,1.0,0.0,32.4375,16.1875,677.125,42.8125,74.5625,1.125,0.8125,0.1875,12.125,0.3125,1.5,385.5125,4.9125,304.75,4.5625,0.0,72.25,170.625,0.125,15.0,19.0,0.0,0.0,0.0
6,LAS,1.0,1.0,13.0,4.0,11.5,5.5,16.5,6.5,6937.5,167601.5,2.0,1.0,1.0,1.0,0.0,0.0,1.0,24.5,9.5,0.0,1.0,25.458333333333332,15.5,602.4583333333334,28.416666666666668,76.16666666666667,0.5,2.7916666666666665,2.25,84.79166666666667,3.625,9.75,361.48333333333335,46.59166666666667,269.0,34.291666666666664,0.08333333333333333,71.75,166.66666666666666,0.4166666666666667,0.0,0.0,0.0,0.0,0.0
6,MIN,3.5,0.0,11.0,6.0,7.0,10.0,13.0,10.0,6850.0,122675.0,2.0,0.0,2.0,0.0,0.0,0.0,0.0,18.0,16.0,0.0,1.0,28.8030303030303,9.621212121212121,529.6363636363636,23.272727272727273,51.8939393939394,0.36363636363636365,1.9393939393939392,0.5454545454545454,34.74242424242424,0.9545454545454546,2.8030303030303028,269.1909090909091,14.390909090909092,235.45454545454547,13.969696969696969,0.0,71.63636363636364,160.83065953654187,0.0,18.0,16.0,0.5,2.0,1.0
6,NYL,4.0,1.0,11.0,6.0,6.0,11.0,10.5,11.5,6875.0,190204.0,1.0,1.0,0.0,0.0,1.0,0.0,0.0,17.0,17.0,1.0,0.0,23.136363636363637,10.318181818181818,499.3484848484848,17.454545454545453,50.72727272727273,0.09090909090909091,2.090909090909091,0.9090909090909091,43.1060606060606,1.9242424242424243,3.8181818181818183,250.38181818181818,20.55757575757576,202.8181818181818,18.727272727272727,0.045454545454545456,72.0909090909091,167.0909090909091,0.0,11.0,7.0,2.0,3.0,0.0
6,PHO,6.0,0.0,8.0,9.0,4.5,12.5,8.0,15.0,6875.0,140403.0,0.0,0.0,0.0,0.0,0.0,0.0,0.0,12.5,21.5,0.0,1.0,28.59090909090909,18.681818181818183,667.7272727272727,32.18181818181818,63.25757575757576,1.3484848484848486,0.5,0.5,13.772727272727273,0.6363636363636364,1.3181818181818181,342.0030303030303,6.254545454545454,278.89393939393943,5.090909090909091,0.0,72.72727272727273,170.1818181818182,0.09090909090909091,17.0,17.0,0.0,0.0,0.0
6,SAC,3.5,1.0,11.0,6.0,7.5,9.5,12.5,10.5,6862.5,151561.0,2.0,2.0,0.0,0.0,2.0,0.0,0.0,18.5,15.5,0.0,1.0,32.8125,12.5625,659.1875,40.0,73.4375,0.4375,4.375,2.25,102.0625,5.875,10.625,346.9375,51.825,249.1875,38.0625,0.0,73.25,168.875,0.0,15.0,10.0,3.0,3.0,0.0
6,SAS,6.5,0.0,7.5,9.5,3.0,14.0,8.0,15.0,6850.0,159621.5,0.0,0.0,0.0,0.0,0.0,0.0,0.0,10.5,23.5,0.0,1.0,26.22222222222222,16.72222222222222,540.2777777777778,20.11111111111111,49.388888888888886,0.3333333333333333,2.111111111111111,1.5,41.166666666666664,1.1666666666666667,4.5,263.73333333333335,18.4,224.38888888888889,15.222222222222221,0.0,71.11111111111111,158.22222222222223,0.1111111111111111,17.0,17.0,1.0,2.0,0.0
6,SEA,3.5,1.0,13.0,4.0,6.0,11.0,12.0,11.0,6837.5,127574.0,1.0,1.0,0.0,1.0,0.0,1.0,0.0,19.0,15.0,0.0,1.0,28.0625,12.0,559.6875,28.5625,66.1875,0.3125,3.8125,1.6875,74.1875,3.8125,8.25,342.7125,45.5375,260.6875,32.1875,0.0,73.375,166.125,0.5,19.0,15.0,3.0,1.0,0.0
6,WAS,5.5,0.0,7.0,10.0,6.0,11.0,8.0,14.0,6862.5,226579.0,1.0,0.0,1.0,0.0,0.0,0.0,0.0,13.0,21.0,1.0,0.0,26.363636363636363,17.318181818181817,615.0909090909091,31.5,62.40909090909091,0.3181818181818182,1.8636363636363635,1.2272727272727273,46.04545454545455,2.227272727272727,5.363636363636363,308.46363636363634,26.836363636363636,244.04545454545453,18.40909090909091,0.045454545454545456,72.0,162.0,0.0,11.5,13.5,0.0,0.0,0.0
7,CHA,5.5,0.0,7.5,9.5,3.5,13.5,6.0,14.0,6922.5,107218.5,0.0,0.0,0.0,0.0,0.0,0.0,0.0,11.0,23.0,1.0,0.0,28.875,18.625,653.3541666666666,29.1875,63.666666666666664,0.625,1.0833333333333333,1.0,29.979166666666668,1.625,3.25,303.48333333333335,15.495833333333332,259.8125,14.875,0.0,72.75,169.125,0.0,3.0,7.0,0.0,0.0,0.0
7,CHI,0.0,0.0,0.0,0.0,0.0,0.0,0.0,0.0,0.0,0.0,0.0,0.0,0.0,0.0,0.0,0.0,0.0,0.0,0.0,1.0,0.0,28.25,10.75,487.1666666666667,21.708333333333332,40.291666666666664,0.3333333333333333,2.125,1.0416666666666667,42.333333333333336,1.5416666666666667,3.5416666666666665,193.475,15.266666666666666,175.25,12.291666666666666,0.041666666666666664,72.25,163.75,0.0,0.0,0.0,0.0,0.0,0.0
7,CON,1.0,1.0,12.0,5.0,10.0,7.0,13.5,6.5,6850.0,117980.5,2.0,2.0,0.0,2.0,0.0,1.0,1.0,22.0,12.0,1.0,0.0,26.85,16.25,606.95,28.85,69.55,0.1,6.1,3.55,144.95,6.6,15.8,350.74,77.69,253.05,59.6,0.0,71.66813725490196,177.5,0.0,22.0,12.0,5.0,3.0,0.0
7,DET,3.5,1.0,10.0,7.0,6.5,10.5,11.0,9.0,6887.5,160108.0,2.0,0.0,2.0,0.0,0.0,0.0,0.0,16.5,17.5,1.0,0.0,25.515151515151516,18.393939393939394,642.5909090909091,36.0,72.69696969696969,0.9848484848484849,1.303030303030303,0.9696969696969696,37.13636363636363,2.1969696969696972,4.075757575757576,350.44545454545454,20.915151515151518,284.96969696969694,16.636363636363637,0.09090909090909091,72.54545454545455,169.1818181818182,0.0,16.5,17.5,0.5,2.0,0.0
7,HOU,4.5,1.0,10.0,7.0,6.0,11.0,9.0,13.0,6862.5,129065.5,1.0,1.0,0.0,0.0,1.0,0.0,0.0,16.0,18.0,0.0,1.0,25.757575757575754,14.227272727272727,582.9242424242424,26.227272727272727,62.42424242424242,0.3939393939393939,2.151515151515152,1.0909090909090908,45.060606060606055,1.7727272727272727,5.4393939393939394,302.58484848484846,22.115151515151517,218.43939393939397,15.65151515151515,0.045454545454545456,72.45454545454545,165.27272727272728,0.36363636363636365,16.0,18.0,1.0,1.5,0.0
7,IND,4.0,1.0,12.0,5.0,6.0,11.0,11.0,9.0,6887.5,135741.5,1.0,1.0,0.0,0.0,1.0,0.0,0.0,18.0,16.0,1.0,0.0,32.166666666666664,16.166666666666668,701.5,31.166666666666668,68.0,0.4444444444444444,2.5555555555555554,0.5555555555555556,33.666666666666664,1.3888888888888888,3.2777777777777777,348.2111111111111,14.399999999999999,297.1111111111111,13.555555555555555,0.05555555555555555,70.88888888888889,166.22222222222223,0.1111111111111111,18.0,16.0,1.0,1.0,0.0
7,LAS,2.5,1.0,13.0,4.0,8.0,9.0,14.0,8.0,6887.5,163895.0,2.0,0.0,2.0,0.0,0.0,0.0,0.0,21.0,13.0,0.0,1.0,27.0,15.61111111111111,637.7777777777778,27.5,79.11111111111111,0.8888888888888888,1.3333333333333333,0.9444444444444444,35.72222222222222,1.6111111111111112,4.0,366.97777777777776,16.833333333333332,259.3888888888889,12.38888888888889,0.0,72.11111111111111,165.11111111111111,0.4444444444444444,4.0,2.0,0.0,2.0,0.0
7,MIN,4.5,0.0,11.0,6.0,5.0,12.0,10.5,11.5,6850.0,119272.0,1.0,0.0,1.0,0.0,0.0,0.0,0.0,16.0,18.0,0.0,1.0,24.6875,9.833333333333332,439.14583333333337,21.708333333333336,47.666666666666664,0.29166666666666663,0.5833333333333333,0.25,12.479166666666668,0.4375,0.9375,231.20833333333331,5.0125,193.77083333333331,5.375,0.0,73.0,165.89215686274508,0.0,8.0,9.0,0.0,0.5,0.5
7,NYL,2.5,0.0,10.5,6.5,7.5,9.5,9.5,10.5,6912.5,170221.5,2.0,1.0,1.0,0.0,1.0,0.0,0.0,18.0,16.0,1.0,0.0,23.416666666666664,5.3,381.78333333333336,13.6,34.15,0.05,2.05,0.5,31.183333333333337,1.3,2.4,174.29333333333335,11.653333333333332,152.53333333333333,11.4,0.05,72.5,165.3,0.0,14.5,11.5,1.0,2.5,0.0
7,PHO,5.0,0.0,10.5,6.5,6.0,11.0,11.5,10.5,6812.5,130220.5,0.0,0.0,0.0,0.0,0.0,0.0,0.0,16.5,17.5,0.0,1.0,24.045454545454547,13.06060606060606,514.3484848484849,22.818181818181817,50.28787878787878,1.0454545454545454,1.0909090909090908,0.5909090909090909,22.0,0.6363636363636364,1.2727272727272727,265.23030303030305,7.7272727272727275,211.37878787878788,6.954545454545454,0.0,72.36363636363636,163.0909090909091,0.18181818181818182,0.0,0.0,0.0,0.0,0.0
7,SAC,2.5,1.0,12.5,4.5,9.0,8.0,14.5,7.5,6850.0,146378.5,2.0,2.0,0.0,1.0,1.0,1.0,0.0,21.5,12.5,0.0,1.0,31.875,15.4375,690.6875,39.5,73.25,0.25,6.5,3.125,149.4375,7.1875,15.875,378.2,79.2625,277.9375,56.6875,0.0625,72.625,165.375,0.25,21.5,12.5,5.0,2.0,1.0
7,SAS,7.0,0.0,5.5,11.5,2.5,14.5,4.5,17.5,6837.5,138885.5,0.0,0.0,0.0,0.0,0.0,0.0,0.0,8.0,26.0,0.0,1.0,24.38888888888889,14.444444444444445,548.5555555555555,14.444444444444445,43.111111111111114,0.5,0.5,0.3888888888888889,13.61111111111111,0.6111111111111112,1.0555555555555556,231.8777777777778,6.322222222222222,196.83333333333334,5.0,0.0,71.88888888888889,162.66666666666666,0.0,7.0,27.0,0.0,0.0,0.0
7,SEA,2.0,1.0,13.5,3.5,6.5,10.5,13.0,9.0,6825.0,142720.5,2.0,1.0,1.0,1.0,0.0,1.0,0.0,20.0,14.0,0.0,1.0,26.0,16.708333333333332,601.5,28.875,70.04166666666667,0.7083333333333334,2.875,2.0833333333333335,70.08333333333333,2.7083333333333335,7.333333333333333,320.65,37.141666666666666,229.70833333333334,29.791666666666668,0.0,72.58333333333333,163.01143790849673,0.25,20.0,14.0,3.5,2.0,0.0
7,WAS,4.5,1.0,10.5,6.5,6.0,11.0,9.0,11.0,6875.0,192974.5,1.0,0.0,1.0,0.0,0.0,0.0,0.0,16.5,17.5,1.0,0.0,30.125,19.6875,727.9375,31.0,66.5,0.5625,1.5,1.25,43.3125,1.75,4.375,362.9,23.575,307.125,19.8125,0.0625,71.875,167.375,0.0,11.5,13.5,0.0,0.0,0.0
8,CHI,7.0,0.0,3.0,14.0,2.0,15.0,4.0,16.0,6800.0,57635.0,0.0,0.0,0.0,0.0,0.0,0.0,0.0,5.0,29.0,1.0,0.0,26.64814814814815,18.314814814814813,616.8888888888889,32.851851851851855,61.12962962962964,0.2962962962962963,0.9444444444444444,0.5,20.944444444444443,1.3333333333333333,1.7777777777777777,325.10370370370373,7.066666666666667,257.3703703703704,5.055555555555555,0.05555555555555555,72.22222222222223,171.66666666666666,0.0,0.0,0.0,0.0,0.0,0.0
8,CON,1.0,1.0,14.0,3.0,12.0,5.0,14.0,6.0,6812.5,124020.0,2.0,2.0,0.0,1.0,1.0,1.0,0.0,26.0,8.0,1.0,0.0,28.203703703703702,16.166666666666668,601.9259259259259,27.25925925925926,74.44444444444444,0.0,4.888888888888889,2.7777777777777777,106.33333333333333,4.888888888888889,11.61111111111111,358.72222222222223,54.855555555555554,253.07407407407405,52.111111111111114,0.0,71.52015250544663,176.55555555555554,0.2222222222222222,26.0,8.0,4.0,2.5,1.0
8,DET,3.0,1.0,13.0,4.0,6.5,10.5,12.5,7.5,6875.0,159404.5,2.0,1.0,1.0,1.0,0.0,1.0,0.0,19.5,14.5,1.0,0.0,26.46666666666667,16.483333333333334,617.9166666666667,35.983333333333334,73.56666666666666,0.7666666666666666,3.2666666666666666,2.2,84.98333333333333,5.283333333333333,11.533333333333333,346.67999999999995,53.36333333333333,275.2,38.483333333333334,0.05,72.7,168.1,0.3,19.5,14.5,3.5,2.5,0.0
8,HOU,3.0,0.0,11.5,5.5,7.0,10.0,11.0,10.0,6900.0,125631.0,2.0,1.0,1.0,0.0,1.0,0.0,0.0,18.5,15.5,0.0,1.0,27.875,11.458333333333334,536.2083333333334,27.125,62.583333333333336,0.5833333333333334,2.8333333333333335,1.0833333333333333,53.958333333333336,2.1666666666666665,6.333333333333333,296.05833333333334,28.51666666666667,213.875,20.958333333333332,0.041666666666666664,72.16666666666667,166.25,0.5,0.0,0.0,0.0,0.0,0.0
8,IND,2.5,1.0,13.0,4.0,8.0,9.0,13.0,7.0,6887.5,132631.0,2.0,1.0,1.0,0.0,1.0,0.0,0.0,21.0,13.0,1.0,0.0,27.954545454545453,19.636363636363637,693.4090909090909,34.31818181818182,73.18181818181819,0.6363636363636364,1.1818181818181819,0.9090909090909091,32.09090909090909,1.3636363636363635,3.090909090909091,376.25454545454545,14.636363636363637,309.40909090909093,15.318181818181818,0.13636363636363635,72.0,171.27272727272728,0.2727272727272727,21.0,13.0,1.0,2.0,0.0
8,LAS,2.5,0.0,13.0,4.0,8.0,9.0,13.5,7.5,6812.5,145901.5,2.0,1.0,1.0,0.0,1.0,0.0,0.0,21.0,13.0,0.0,1.0,26.358974358974358,11.0,525.7179487179487,28.807692307692307,61.26923076923077,0.5512820512820512,2.1153846153846154,1.1666666666666665,50.57692307692308,3.1666666666666665,6.435897435897436,285.8102564102564,29.356410256410257,212.65384615384616,22.102564102564102,0.038461538461538464,72.53846153846153,165.0,0.15384615384615385,0.0,0.0,0.0,0.0,0.0
8,MIN,6.5,0.0,9.5,7.5,2.5,14.5,7.5,13.5,6837.5,111484.5,0.0,0.0,0.0,0.0,0.0,0.0,0.0,12.0,22.0,0.0,1.0,25.604166666666664,14.75,559.6875,19.708333333333332,54.541666666666664,0.0625,0.2916666666666667,0.0,0.9166666666666666,0.0,0.125,312.7708333333333,0.39166666666666666,261.7083333333333,0.0,0.0,72.0,165.875,0.125,0.0,0.0,0.0,0.0,0.0
8,NYL,4.0,1.0,8.5,8.5,6.0,11.0,8.0,12.0,6900.0,163714.5,1.0,0.0,1.0,0.0,0.0,0.0,0.0,14.5,19.5,1.0,0.0,27.88888888888889,8.944444444444445,503.3888888888889,22.444444444444443,51.166666666666664,0.2222222222222222,1.0555555555555556,0.05555555555555555,13.166666666666666,0.7777777777777778,1.3888888888888888,239.5222222222222,5.066666666666666,213.38888888888889,6.222222222222222,0.0,72.0,170.55555555555554,0.0,14.5,19.5,0.0,1.0,0.0
8,PHO,5.0,1.0,10.5,6.5,6.5,10.5,10.0,11.0,6850.0,125473.5,0.0,0.0,0.0,0.0,0.0,0.0,0.0,17.0,17.0,0.0,1.0,29.333333333333332,14.375,626.5833333333334,27.916666666666668,61.875,0.7916666666666666,1.0416666666666667,0.20833333333333334,14.291666666666666,0.5416666666666666,0.75,371.3333333333333,5.566666666666666,307.4166666666667,4.666666666666667,0.0,72.66666666666667,168.16666666666666,0.08333333333333333,18.0,16.0,0.0,0.0,0.0
8,SAC,1.5,1.0,14.5,2.5,8.5,8.5,13.5,7.5,6837.5,146476.0,2.0,2.0,0.0,2.0,0.0,1.0,1.0,23.0,11.0,0.0,1.0,30.5,13.041666666666666,588.4166666666666,32.958333333333336,68.45833333333333,0.16666666666666666,5.708333333333333,3.5416666666666665,128.75,6.875,14.375,317.31666666666666,73.53333333333335,247.79166666666666,54.125,0.0,73.0,166.83333333333334,0.3333333333333333,0.0,0.0,0.0,0.0,0.0
8,SAS,6.5,1.0,5.5,11.5,4.5,12.5,6.5,14.5,6800.0,130401.5,0.0,0.0,0.0,0.0,0.0,0.0,0.0,10.0,24.0,0.0,1.0,27.333333333333332,22.72222222222222,709.0,31.166666666666668,76.66666666666667,0.6666666666666666,0.8888888888888888,0.8888888888888888,23.77777777777778,0.8333333333333334,2.2777777777777777,374.6333333333333,8.288888888888888,302.44444444444446,7.777777777777778,0.1111111111111111,71.77777777777777,168.11111111111111,0.0,10.0,24.0,0.0,0.0,0.0
8,SEA,3.0,1.0,11.5,5.5,7.5,9.5,11.5,9.5,6812.5,148407.0,2.0,0.0,2.0,0.0,0.0,0.0,0.0,19.0,15.0,0.0,1.0,27.03846153846154,15.128205128205128,561.3205128205128,27.756410256410255,65.03846153846153,0.6153846153846154,1.6666666666666667,1.1538461538461537,39.8974358974359,1.2692307692307692,4.038461538461538,306.47435897435895,20.623076923076926,232.1282051282051,19.089743589743588,0.038461538461538464,72.92307692307692,170.07692307692307,0.15384615384615385,19.0,15.0,1.0,2.0,0.0
8,WAS,4.5,0.0,11.5,5.5,5.5,11.5,10.5,9.5,6875.0,152378.0,1.0,0.0,1.0,0.0,0.0,0.0,0.0,17.0,17.0,1.0,0.0,27.807692307692307,15.076923076923077,592.8846153846154,27.576923076923077,61.19230769230769,0.8076923076923077,0.8461538461538461,0.5,19.615384615384617,1.2692307692307692,2.3461538461538463,325.62307692307695,10.100000000000001,263.0769230769231,11.346153846153847,0.038461538461538464,72.07692307692308,169.3846153846154,0.0,8.5,8.5,0.0,0.5,0.0
9,ATL,0.0,0.0,0.0,0.0,0.0,0.0,0.0,0.0,0.0,0.0,0.0,0.0,0.0,0.0,0.0,0.0,0.0,0.0,0.0,1.0,0.0,26.416666666666668,8.708333333333334,448.6666666666667,22.875,49.708333333333336,0.20833333333333334,2.75,0.4166666666666667,33.375,0.9166666666666666,3.2083333333333335,229.3166666666667,16.958333333333332,191.45833333333334,17.875,0.041666666666666664,73.25,170.0,0.0,0.0,0.0,0.0,0.0,0.0
9,CHI,6.5,0.0,4.5,12.5,5.0,12.0,5.0,15.0,6886.0,62096.0,0.0,0.0,0.0,0.0,0.0,0.0,0.0,9.5,24.5,1.0,0.0,23.68333333333333,13.4,517.2,29.366666666666667,60.166666666666664,0.2333333333333333,0.4666666666666666,0.16666666666666666,6.633333333333333,0.4333333333333334,0.5166666666666667,299.1166666666667,2.263333333333333,220.18333333333334,2.166666666666667,0.03333333333333333,71.9,168.4,0.1,0.0,0.0,0.0,0.0,0.0
9,CON,2.0,1.0,11.0,6.0,11.0,6.0,12.5,7.5,6875.0,130793.0,2.0,1.0,1.0,0.0,1.0,0.0,0.0,22.0,12.0,1.0,0.0,32.0,16.142857142857142,710.2857142857143,31.857142857142858,79.64285714285714,0.35714285714285715,3.2142857142857144,1.0714285714285714,76.92857142857143,2.5714285714285716,8.571428571428571,416.85714285714283,41.942857142857136,320.2142857142857,39.785714285714285,0.07142857142857142,70.71428571428571,167.71428571428572,0.0,22.0,12.0,2.0,2.0,1.0
9,DET,1.5,1.0,13.0,4.0,10.5,6.5,14.0,6.0,6837.5,162595.5,2.0,2.0,0.0,2.0,0.0,1.0,1.0,23.5,10.5,1.0,0.0,28.53846153846154,13.26923076923077,627.2948717948718,41.25641025641026,85.12820512820514,0.46153846153846156,5.051282051282052,2.8076923076923075,128.48717948717947,8.58974358974359,18.384615384615383,380.5512820512821,79.91794871794872,285.3076923076923,60.96153846153846,0.11538461538461539,73.0,172.69230769230768,0.46153846153846156,23.5,10.5,6.5,4.0,0.0
9,HOU,4.0,0.0,9.5,7.5,6.0,11.0,10.5,10.5,6862.5,134701.0,1.0,0.0,1.0,0.0,0.0,0.0,0.0,15.5,18.5,0.0,1.0,29.6,15.6,624.85,33.3,72.7,0.5,1.75,0.45,33.7,1.65,3.25,353.23,19.119999999999997,286.65,16.95,0.05,71.9,166.2,0.1,13.0,21.0,0.0,0.0,0.0
9,IND,2.5,1.0,12.0,5.0,9.0,8.0,12.0,8.0,6862.5,128341.5,2.0,1.0,1.0,0.0,1.0,0.0,0.0,21.0,13.0,1.0,0.0,27.845238095238095,15.392857142857142,607.8571428571429,29.309523809523814,66.44047619047619,0.4880952380952381,1.9642857142857142,1.1428571428571428,42.214285714285715,1.7142857142857142,5.25,339.42857142857144,21.664285714285715,277.90476190476187,21.392857142857142,0.07142857142857142,71.92857142857143,172.35714285714286,0.2857142857142857,0.0,0.0,0.0,0.0,0.0
9,LAS,4.0,1.0,10.0,7.0,7.5,9.5,10.5,10.5,6862.5,144546.0,1.0,1.0,0.0,0.0,1.0,0.0,0.0,17.5,16.5,0.0,1.0,29.8030303030303,18.681818181818183,635.1818181818181,34.95454545454545,94.07575757575756,0.8636363636363636,2.272727272727273,1.4090909090909092,54.72727272727273,3.590909090909091,7.636363636363637,391.6212121212122,32.5,286.969696969697,24.681818181818183,0.0,71.88012477718361,168.36363636363637,0.2727272727272727,10.0,24.0,0.0,0.0,0.0
9,MIN,6.5,0.0,7.5,9.5,2.5,14.5,7.0,14.0,6850.0,115270.5,0.0,0.0,0.0,0.0,0.0,0.0,0.0,10.0,24.0,0.0,1.0,29.227272727272727,16.045454545454547,609.5,30.954545454545453,71.5909090909091,0.45454545454545453,0.45454545454545453,0.36363636363636365,13.590909090909092,0.36363636363636365,1.1363636363636365,351.48181818181814,7.418181818181818,279.0,6.045454545454546,0.0,72.0,161.01247771836006,0.09090909090909091,10.0,24.0,0.0,0.0,0.0
9,NYL,4.5,1.0,8.5,8.5,5.0,12.0,8.5,11.5,6862.5,151457.0,1.0,0.0,1.0,0.0,0.0,0.0,0.0,13.5,20.5,1.0,0.0,29.5,13.1,606.2166666666667,25.45,69.73333333333333,0.2,1.6333333333333333,0.75,35.15,1.45,4.983333333333333,313.69666666666666,19.663333333333334,265.46666666666664,16.033333333333335,0.0,72.4,174.5,0.1,13.5,20.5,0.5,1.0,0.0
9,PHO,3.0,0.0,11.0,6.0,9.5,7.5,12.5,8.5,6875.0,129162.5,1.0,1.0,0.0,1.0,0.0,1.0,0.0,20.5,13.5,0.0,1.0,29.333333333333332,16.944444444444443,660.5,25.77777777777778,74.94444444444444,0.5555555555555556,3.2222222222222223,2.0,78.11111111111111,3.888888888888889,9.277777777777779,421.84444444444443,56.900000000000006,340.94444444444446,40.333333333333336,0.05555555555555555,72.22222222222223,166.88888888888889,0.3333333333333333,0.0,0.0,0.0,0.0,0.0
9,SAC,2.5,1.0,13.0,4.0,7.0,10.0,11.0,10.0,6912.5,145157.0,2.0,1.0,1.0,1.0,0.0,0.0,1.0,20.0,14.0,0.0,1.0,28.833333333333332,13.555555555555555,581.8333333333334,34.94444444444444,67.22222222222223,0.3333333333333333,4.0,2.6666666666666665,88.05555555555556,4.777777777777778,9.333333333333334,320.87777777777774,50.48888888888889,260.22222222222223,39.611111111111114,0.0,73.0,164.66666666666666,0.1111111111111111,19.0,15.0,1.0,2.0,0.0
9,SAS,4.0,1.0,7.5,9.5,9.0,8.0,11.5,9.5,6837.5,127214.5,1.0,1.0,0.0,0.0,1.0,0.0,0.0,16.5,17.5,0.0,1.0,24.8125,18.0,573.625,24.1875,65.625,0.1875,2.75,2.1875,63.8125,3.4375,6.75,319.05,36.6125,240.3125,28.0625,0.0625,70.875,164.125,0.0,16.5,17.5,1.0,1.5,1.0
9,SEA,4.0,1.0,10.5,6.5,7.0,10.0,10.5,10.5,6812.5,140608.5,2.0,0.0,2.0,0.0,0.0,0.0,0.0,17.5,16.5,0.0,1.0,28.616666666666667,15.783333333333335,643.2833333333333,36.28333333333333,79.4,0.2,3.2833333333333337,2.316666666666667,78.0,4.983333333333333,9.65,381.79333333333335,45.72,268.23333333333335,31.48333333333333,0.0,73.4,172.3,0.7,0.0,0.0,0.0,0.0,0.0
9,WAS,4.5,0.0,10.5,6.5,6.5,10.5,10.0,10.0,6875.0,133255.0,1.0,0.0,1.0,0.0,0.0,0.0,0.0,17.0,17.0,1.0,0.0,29.069444444444443,12.0,547.5138888888889,30.958333333333332,63.611111111111114,0.6805555555555555,0.6666666666666666,0.375,13.916666666666666,1.125,2.25,312.68333333333334,8.65,230.91666666666666,7.875,0.0,70.75,162.83333333333334,0.0,8.0,7.0,0.0,0.0,0.0
10,ATL,7.0,1.0,1.0,16.0,3.0,14.0,2.0,18.0,6825.0,141379.0,0.0,0.0,0.0,0.0,0.0,0.0,0.0,4.0,30.0,1.0,0.0,28.40909090909091,17.227272727272727,592.1818181818181,35.68181818181818,67.54545454545455,0.6363636363636364,0.6363636363636364,0.09090909090909091,4.909090909090909,0.0,0.3181818181818182,319.23636363636365,2.209090909090909,252.63636363636363,3.590909090909091,0.0,72.81818181818181,160.0909090909091,0.09090909090909091,4.0,30.0,0.0,0.0,0.0
10,CHI,5.5,0.0,7.0,10.0,6.0,11.0,8.0,12.0,6923.5,64351.5,0.0,0.0,0.0,0.0,0.0,0.0,0.0,13.0,21.0,1.0,0.0,31.0,16.75,683.05,33.55,79.8,0.6,0.85,0.15,9.2,0.15,0.65,379.90999999999997,3.35,293.3,2.65,0.0,71.8,163.8,0.1,12.0,22.0,0.0,0.0,0.0
10,CON,2.5,0.0,10.5,6.5,9.0,8.0,11.5,8.5,6887.5,132720.5,2.0,0.0,2.0,0.0,0.0,0.0,0.0,19.5,14.5,1.0,0.0,28.71666666666667,16.81666666666667,626.3833333333333,32.05,75.28333333333333,0.35,2.933333333333333,1.3,61.86666666666666,2.8333333333333335,7.15,382.63666666666666,32.519999999999996,310.98333333333335,31.75,0.0,71.3,167.9,0.0,19.5,14.5,1.0,2.0,1.0
10,DET,1.0,1.0,13.0,4.0,10.0,7.0,15.0,5.0,6862.5,164203.5,2.0,2.0,0.0,2.0,0.0,1.0,1.0,23.0,11.0,1.0,0.0,28.966666666666665,14.177777777777779,629.4777777777778,33.72222222222222,76.08888888888889,0.4444444444444444,5.466666666666667,2.533333333333333,127.61111111111111,7.388888888888888,17.27777777777778,357.13111111111107,75.52666666666666,264.9111111111111,58.41111111111111,0.1,72.73333333333333,172.40915032679737,0.3333333333333333,11.5,5.5,3.25,1.75,0.0
10,IND,3.0,1.0,11.5,5.5,7.5,9.5,12.0,8.0,6912.5,132428.0,2.0,1.0,1.0,0.0,1.0,0.0,0.0,19.0,15.0,1.0,0.0,27.3125,16.6875,589.2916666666666,34.3125,70.9375,0.4583333333333333,2.6666666666666665,1.75,61.583333333333336,2.8333333333333335,8.708333333333334,334.45416666666665,33.75833333333333,246.25,28.75,0.041666666666666664,72.08333333333333,175.25,0.08333333333333333,17.0,17.0,1.0,2.0,0.0
10,LAS,5.0,1.0,8.5,8.5,6.5,10.5,9.0,12.0,6950.0,154724.5,1.0,1.0,0.0,0.0,1.0,0.0,0.0,15.0,19.0,0.0,1.0,31.88888888888889,24.555555555555557,823.5555555555555,47.22222222222222,120.94444444444444,0.7777777777777778,3.0555555555555554,2.4444444444444446,84.77777777777777,5.611111111111111,12.444444444444445,554.3222222222222,53.77777777777778,416.5,39.611111111111114,0.2777777777777778,71.88888888888889,163.1263616557734,0.4444444444444444,15.0,19.0,1.5,1.5,0.0
10,MIN,6.5,0.0,8.0,9.0,5.0,12.0,8.0,13.0,6887.5,119741.0,0.0,0.0,0.0,0.0,0.0,0.0,0.0,13.0,21.0,0.0,1.0,28.5,14.944444444444445,635.3888888888889,37.666666666666664,77.16666666666667,1.0555555555555556,0.5,0.5,16.5,1.0555555555555556,1.6111111111111112,423.3444444444445,9.600000000000001,291.94444444444446,6.0,0.0,72.88888888888889,175.0,0.1111111111111111,0.0,0.0,0.0,0.0,0.0
10,NYL,3.5,0.0,10.5,6.5,7.0,10.0,10.5,9.5,6875.0,150819.0,2.0,1.0,1.0,0.0,1.0,0.0,0.0,17.5,16.5,1.0,0.0,32.1,17.2,687.25,33.9,76.8,0.3,4.45,2.4,94.8,3.8,12.05,377.12,49.31,308.6,42.4,0.0,72.4,176.3,0.1,17.25,16.75,1.0,2.25,0.0
10,PHO,3.5,1.0,11.0,6.0,8.5,8.5,12.5,8.5,6837.5,138195.5,1.0,1.0,0.0,1.0,0.0,1.0,0.0,19.5,14.5,0.0,1.0,26.636363636363637,17.818181818181817,599.2272727272727,29.318181818181817,75.54545454545455,0.8636363636363636,2.8636363636363638,2.0454545454545454,81.54545454545455,4.363636363636363,10.909090909090908,412.99090909090904,65.23636363636363,320.1818181818182,42.13636363636363,0.045454545454545456,71.45454545454545,165.0909090909091,0.18181818181818182,16.0,18.0,0.0,0.0,0.0
10,SAC,3.5,0.0,12.5,4.5,6.0,11.0,10.5,10.5,6875.0,140820.5,2.0,0.0,2.0,0.0,0.0,0.0,0.0,18.5,15.5,0.0,1.0,28.8030303030303,15.196969696969695,609.7878787878789,36.303030303030305,63.27272727272727,0.3181818181818182,2.287878787878788,1.2272727272727273,47.060606060606055,2.1969696969696972,5.212121212121212,339.23636363636365,27.972727272727273,266.3484848484849,17.43939393939394,0.045454545454545456,72.63636363636364,167.1818181818182,0.0,9.25,7.75,0.5,1.0,0.0
10,SAS,1.5,1.0,12.0,5.0,10.0,7.0,11.5,9.5,6862.5,132201.0,2.0,2.0,0.0,1.0,1.0,0.0,1.0,22.0,12.0,0.0,1.0,31.0625,20.0,735.125,27.3125,90.8125,0.25,6.9375,4.4375,173.375,7.6875,18.4375,442.78749999999997,99.325,316.8125,80.0625,0.0625,70.25,163.25,0.0,22.0,12.0,3.0,4.0,1.0
10,SEA,3.0,1.0,14.0,3.0,5.5,11.5,12.0,9.0,6812.5,138028.0,2.0,0.0,2.0,0.0,0.0,0.0,0.0,19.5,14.5,0.0,1.0,29.363636363636363,14.303030303030305,615.2727272727273,29.469696969696972,69.5909090909091,0.1515151515151515,2.7424242424242427,1.2272727272727273,55.31818181818182,2.5606060606060606,5.712121212121212,337.89696969696973,28.427272727272726,254.4242424242424,23.363636363636363,0.0,72.0909090909091,171.36363636363637,0.2727272727272727,22.0,12.0,1.0,2.0,0.0
10,WAS,5.5,1.0,7.0,10.0,6.0,11.0,7.0,13.0,6862.5,143946.0,0.0,0.0,0.0,0.0,0.0,0.0,0.0,13.0,21.0,1.0,0.0,26.15151515151515,13.863636363636363,569.3787878787879,31.651515151515152,64.25757575757576,1.0606060606060606,0.09090909090909091,0.0,0.9090909090909091,0.0303030303030303,0.0,310.57575757575756,0.22424242424242424,260.8636363636364,0.42424242424242425,0.0,72.0909090909091,174.0909090909091,0.0,0.0,0.0,0.0,0.0,0.0
11,ATL,4.5,0.0,6.5,10.5,4.5,12.5,6.0,15.0,6887.5,131058.0,1.0,0.0,1.0,0.0,0.0,0.0,0.0,11.0,23.0,1.0,0.0,28.36111111111111,11.805555555555555,562.1666666666666,31.51388888888889,66.29166666666667,0.611111111111111,1.0555555555555556,0.5,17.02777777777778,0.6666666666666666,1.9166666666666667,324.77500000000003,9.955555555555556,237.76388888888889,8.458333333333334,0.0,72.91666666666667,161.76143790849673,0.0,11.0,23.0,0.0,1.0,0.0
11,CHI,5.0,0.0,10.0,7.0,4.0,13.0,10.0,11.0,6850.0,64499.0,0.0,0.0,0.0,0.0,0.0,0.0,0.0,14.0,20.0,1.0,0.0,26.21875,13.28125,499.2083333333333,26.25,67.4375,0.5833333333333334,1.25,0.375,19.21875,1.09375,2.53125,272.28125,9.15625,202.48958333333334,7.1875,0.0,73.625,170.75,0.0,0.0,0.0,0.0,0.0,0.0
11,CON,4.0,0.0,12.5,4.5,6.0,11.0,11.5,9.5,6912.5,122723.5,1.0,0.0,1.0,0.0,0.0,0.0,0.0,18.5,15.5,1.0,0.0,28.666666666666668,15.75,666.5833333333334,28.0,62.916666666666664,0.4166666666666667,2.3333333333333335,0.5,36.666666666666664,2.0833333333333335,4.25,374.45,16.866666666666667,324.4166666666667,14.916666666666666,0.08333333333333333,71.16666666666667,166.16666666666666,0.0,18.5,15.5,0.5,1.0,0.0
11,IND,2.5,0.0,12.5,4.5,7.0,10.0,14.5,6.5,6937.5,132952.5,2.0,1.0,1.0,1.0,0.0,0.0,1.0,19.5,14.5,1.0,0.0,29.2,14.95,655.75,31.6,78.15,1.0,5.35,2.8,131.0,5.55,16.0,397.18,86.7,328.85,65.75,0.05,71.5,168.1,0.0,19.5,14.5,3.5,3.0,0.0
11,LAS,3.0,0.0,11.5,5.5,7.5,9.5,11.5,8.5,6962.5,169113.0,2.0,2.0,0.0,0.0,2.0,0.0,0.0,19.0,15.0,0.0,1.0,30.125,22.0625,787.9375,41.0625,106.3125,0.6875,3.25,3.125,105.8125,6.8125,14.4375,479.0,64.8,334.125,43.375,0.0625,72.75,170.625,0.0,7.0,10.0,0.0,0.0,0.0
11,MIN,6.0,0.0,9.0,8.0,6.0,11.0,7.5,12.5,6887.5,123295.0,0.0,0.0,0.0,0.0,0.0,0.0,0.0,15.0,19.0,0.0,1.0,28.619047619047617,20.190476190476186,769.2142857142857,42.285714285714285,99.69047619047618,0.7142857142857143,1.8809523809523812,1.2380952380952384,55.11904761904763,2.8333333333333335,7.5,518.3714285714285,31.085714285714285,356.9761904761905,17.523809523809522,0.07142857142857142,71.85714285714286,170.0,0.0,0.0,0.0,0.0,0.0,0.0
11,NYL,5.0,0.0,9.5,7.5,6.5,10.5,10.0,11.0,6900.0,160188.0,1.0,1.0,0.0,0.0,1.0,0.0,0.0,16.0,18.0,1.0,0.0,31.22222222222222,12.333333333333334,595.2222222222222,33.22222222222222,68.22222222222223,0.3333333333333333,2.8333333333333335,1.6111111111111112,56.888888888888886,3.3333333333333335,6.555555555555555,384.1666666666667,38.400000000000006,325.77777777777777,27.833333333333332,0.0,73.33333333333333,179.22222222222223,0.0,9.0,12.0,0.0,0.0,0.0
11,PHO,3.5,0.0,11.0,6.0,8.5,8.5,10.5,9.5,6862.5,144875.5,1.0,1.0,0.0,1.0,0.0,1.0,0.0,19.5,14.5,0.0,1.0,30.09090909090909,12.681818181818182,603.4545454545455,35.18181818181818,83.68181818181819,0.4090909090909091,5.545454545454546,1.4090909090909092,104.54545454545455,5.590909090909091,13.090909090909092,403.75454545454545,73.48181818181818,293.54545454545456,48.63636363636363,0.13636363636363635,72.45454545454545,165.37611408199643,0.0,19.5,14.5,3.5,2.0,0.0
11,SAS,2.5,0.0,12.5,4.5,7.0,10.0,10.0,10.0,6900.0,131839.5,2.0,1.0,1.0,1.0,0.0,0.0,1.0,19.5,14.5,0.0,1.0,30.916666666666668,26.083333333333332,872.8333333333334,27.416666666666668,86.91666666666667,0.75,4.083333333333333,3.1666666666666665,114.08333333333333,3.5,9.333333333333334,544.3833333333333,61.75,425.3333333333333,53.166666666666664,0.0,70.33333333333333,160.66666666666666,0.0,19.5,14.5,2.5,3.5,0.0
11,SEA,2.0,0.0,14.5,2.5,6.5,10.5,13.0,7.0,6912.5,137180.5,2.0,0.0,2.0,0.0,0.0,0.0,0.0,21.0,13.0,0.0,1.0,27.65,19.233333333333334,705.75,31.71666666666666,72.73333333333333,0.75,2.5,2.0,68.0,2.8666666666666667,6.75,402.0733333333334,36.02333333333333,320.45,29.93333333333333,0.0,72.2,170.8,0.0,21.0,13.0,1.0,2.0,0.0
11,TUL,0.0,0.0,0.0,0.0,0.0,0.0,0.0,0.0,0.0,0.0,0.0,0.0,0.0,0.0,0.0,0.0,0.0,0.0,0.0,0.0,1.0,26.928571428571427,14.214285714285714,538.2857142857143,24.285714285714285,63.42857142857143,0.07142857142857142,1.6428571428571428,0.5,33.92857142857143,1.0714285714285714,3.2142857142857144,307.2142857142857,17.32857142857143,271.5,19.285714285714285,0.0,71.0,159.85714285714286,0.0,0.0,0.0,0.0,0.0,0.0
11,WAS,5.0,0.0,8.5,8.5,4.5,12.5,8.0,13.0,6850.0,173692.0,1.0,0.0,1.0,0.0,0.0,0.0,0.0,13.0,21.0,1.0,0.0,31.25,18.25,683.0,43.625,85.0625,0.5625,1.0,0.4375,22.5,1.75,3.3125,384.525,13.625,289.0,10.3125,0.0,72.5,171.0,0.0,0.0,0.0,0.0,0.0,0.0
